{"session": {"start_time": 1727459141.4039412, "duration": 0.4107379913330078, "min_interval": 0.001, "max_interval": 0.001, "sample_count": 29, "start_call_stack": ["MainThread\u0000<thread>\u00008219610944", "<module>\u0000/Users/joerick/Projects/pyinstrument/env/bin/pyinstrument\u00001\u0001l8", "main\u0000/Users/joerick/Projects/pyinstrument/pyinstrument/__main__.py\u000029\u0001l379"], "target_description": "Program: examples/demo_scripts/wikipedia_article_word_count.py", "cpu_time": 0.035047999999999996, "sys_path": ["examples/demo_scripts", "/Library/Frameworks/Python.framework/Versions/3.10/lib/python310.zip", "/Library/Frameworks/Python.framework/Versions/3.10/lib/python3.10", "/Library/Frameworks/Python.framework/Versions/3.10/lib/python3.10/lib-dynload", "/Users/joerick/Projects/pyinstrument/env/lib/python3.10/site-packages", "__editable__.pyinstrument-4.6.2.finder.__path_hook__"], "sys_prefixes": ["/Library/Frameworks/Python.framework/Versions/3.10", "/Users/joerick/Projects/pyinstrument/env"]}, "frame_tree": {"identifier": "main\u0000/Users/joerick/Projects/pyinstrument/pyinstrument/__main__.py\u000029","time": 0.410331,"attributes": {"l383": 0.41033104099915363},"children": [{"identifier": "<module>\u0000<string>\u00001","time": 0.410331,"attributes": {"l1": 0.41033104099915363},"children": [{"identifier": "run_path\u0000/Library/Frameworks/Python.framework/Versions/3.10/lib/python3.10/runpy.py\u0000260","time": 0.410331,"attributes": {"l289": 0.41033104099915363},"children": [{"identifier": "_run_module_code\u0000/Library/Frameworks/Python.framework/Versions/3.10/lib/python3.10/runpy.py\u000089","time": 0.410331,"attributes": {"l96": 0.41033104099915363},"children": [{"identifier": "_run_code\u0000/Library/Frameworks/Python.framework/Versions/3.10/lib/python3.10/runpy.py\u000063","time": 0.410331,"attributes": {"l86": 0.41033104099915363},"children": [{"identifier": "<module>\u0000examples/demo_scripts/wikipedia_article_word_count.py\u00001","time": 0.410331,"attributes": {"l4": 0.016477333003422245, "l47": 0.3938537079957314},"children": [{"identifier": "_find_and_load\u0000<frozen importlib._bootstrap>\u00001022","time": 0.016477,"attributes": {"l1027": 0.016477333003422245},"children": [{"identifier": "_find_and_load_unlocked\u0000<frozen importlib._bootstrap>\u0000987","time": 0.016477,"attributes": {"l1006": 0.016477333003422245},"children": [{"identifier": "_load_unlocked\u0000<frozen importlib._bootstrap>\u0000664","time": 0.016477,"attributes": {"l688": 0.016477333003422245},"children": [{"identifier": "exec_module\u0000<frozen importlib._bootstrap_external>\u0000877","time": 0.016477,"attributes": {"cSourceFileLoader": 0.016477333003422245, "l883": 0.016477333003422245},"children": [{"identifier": "_call_with_frames_removed\u0000<frozen importlib._bootstrap>\u0000233","time": 0.016477,"attributes": {"l241": 0.016477333003422245},"children": [{"identifier": "<module>\u0000/Library/Frameworks/Python.framework/Versions/3.10/lib/python3.10/urllib/request.py\u00001","time": 0.016477,"attributes": {"l84": 0.0010147080174647272, "l87": 0.001991041994187981, "l88": 0.012471791007556021, "l939": 0.0009997919842135161},"children": [{"identifier": "_find_and_load\u0000<frozen importlib._bootstrap>\u00001022","time": 0.015478,"attributes": {"l1027": 0.01547754101920873},"children": [{"identifier": "_find_and_load_unlocked\u0000<frozen importlib._bootstrap>\u0000987","time": 0.015478,"attributes": {"l1006": 0.014475916017545387, "l992": 0.0010016250016633421},"children": [{"identifier": "_load_unlocked\u0000<frozen importlib._bootstrap>\u0000664","time": 0.003006,"attributes": {"l688": 0.003005750011652708},"children": [{"identifier": "exec_module\u0000<frozen importlib._bootstrap_external>\u0000877","time": 0.003006,"attributes": {"cSourceFileLoader": 0.003005750011652708, "l879": 0.0010147080174647272, "l883": 0.001991041994187981},"children": [{"identifier": "get_code\u0000<frozen importlib._bootstrap_external>\u0000950","time": 0.001015,"attributes": {"cSourceFileLoader": 0.0010147080174647272, "l1012": 0.0010147080174647272},"children": [{"identifier": "_compile_bytecode\u0000<frozen importlib._bootstrap_external>\u0000670","time": 0.001015,"attributes": {"l672": 0.0010147080174647272},"children": [{"identifier": "loads\u0000<built-in>\u00000","time": 0.001015,"attributes": {},"children": [{"identifier": "[self]","time": 0.001015,"attributes": {},"children": []}]}]}]},{"identifier": "_call_with_frames_removed\u0000<frozen importlib._bootstrap>\u0000233","time": 0.001991,"attributes": {"l241": 0.001991041994187981},"children": [{"identifier": "<module>\u0000/Library/Frameworks/Python.framework/Versions/3.10/lib/python3.10/hashlib.py\u00001","time": 0.001991,"attributes": {"l170": 0.001991041994187981},"children": [{"identifier": "_find_and_load\u0000<frozen importlib._bootstrap>\u00001022","time": 0.001991,"attributes": {"l1027": 0.001991041994187981},"children": [{"identifier": "_find_and_load_unlocked\u0000<frozen importlib._bootstrap>\u0000987","time": 0.001991,"attributes": {"l1006": 0.001991041994187981},"children": [{"identifier": "_load_unlocked\u0000<frozen importlib._bootstrap>\u0000664","time": 0.001991,"attributes": {"l674": 0.001991041994187981},"children": [{"identifier": "module_from_spec\u0000<frozen importlib._bootstrap>\u0000564","time": 0.001991,"attributes": {"l571": 0.001991041994187981},"children": [{"identifier": "create_module\u0000<frozen importlib._bootstrap_external>\u00001174","time": 0.001991,"attributes": {"cExtensionFileLoader": 0.001991041994187981, "l1176": 0.001991041994187981},"children": [{"identifier": "_call_with_frames_removed\u0000<frozen importlib._bootstrap>\u0000233","time": 0.001991,"attributes": {"l241": 0.001991041994187981},"children": [{"identifier": "create_dynamic\u0000<built-in>\u00000","time": 0.001991,"attributes": {},"children": [{"identifier": "[self]","time": 0.001991,"attributes": {},"children": []}]}]}]}]}]}]}]}]}]}]}]},{"identifier": "_call_with_frames_removed\u0000<frozen importlib._bootstrap>\u0000233","time": 0.001002,"attributes": {"l241": 0.0010016250016633421},"children": [{"identifier": "_find_and_load\u0000<frozen importlib._bootstrap>\u00001022","time": 0.001002,"attributes": {"l1027": 0.0010016250016633421},"children": [{"identifier": "_find_and_load_unlocked\u0000<frozen importlib._bootstrap>\u0000987","time": 0.001002,"attributes": {"l1006": 0.0010016250016633421},"children": [{"identifier": "_load_unlocked\u0000<frozen importlib._bootstrap>\u0000664","time": 0.001002,"attributes": {"l688": 0.0010016250016633421},"children": [{"identifier": "exec_module\u0000<frozen importlib._bootstrap_external>\u0000877","time": 0.001002,"attributes": {"cSourceFileLoader": 0.0010016250016633421, "l883": 0.0010016250016633421},"children": [{"identifier": "_call_with_frames_removed\u0000<frozen importlib._bootstrap>\u0000233","time": 0.001002,"attributes": {"l241": 0.0010016250016633421},"children": [{"identifier": "<module>\u0000/Library/Frameworks/Python.framework/Versions/3.10/lib/python3.10/http/__init__.py\u00001","time": 0.001002,"attributes": {"l6": 0.0010016250016633421},"children": [{"identifier": "__new__\u0000/Library/Frameworks/Python.framework/Versions/3.10/lib/python3.10/enum.py\u0000180","time": 0.001002,"attributes": {"l307": 0.0010016250016633421},"children": [{"identifier": "[self]","time": 0.001002,"attributes": {},"children": []}]}]}]}]}]}]}]}]},{"identifier": "_load_unlocked\u0000<frozen importlib._bootstrap>\u0000664","time": 0.011470,"attributes": {"l688": 0.011470166005892679},"children": [{"identifier": "exec_module\u0000<frozen importlib._bootstrap_external>\u0000877","time": 0.011470,"attributes": {"cSourceFileLoader": 0.011470166005892679, "l883": 0.011470166005892679},"children": [{"identifier": "_call_with_frames_removed\u0000<frozen importlib._bootstrap>\u0000233","time": 0.011470,"attributes": {"l241": 0.011470166005892679},"children": [{"identifier": "<module>\u0000/Library/Frameworks/Python.framework/Versions/3.10/lib/python3.10/http/client.py\u00001","time": 0.011470,"attributes": {"l71": 0.00723491600365378, "l72": 0.0009992919804062694, "l1394": 0.00323595802183263},"children": [{"identifier": "_find_and_load\u0000<frozen importlib._bootstrap>\u00001022","time": 0.011470,"attributes": {"l1027": 0.011470166005892679},"children": [{"identifier": "_find_and_load_unlocked\u0000<frozen importlib._bootstrap>\u0000987","time": 0.011470,"attributes": {"l1006": 0.011470166005892679},"children": [{"identifier": "_load_unlocked\u0000<frozen importlib._bootstrap>\u0000664","time": 0.011470,"attributes": {"l688": 0.011470166005892679},"children": [{"identifier": "exec_module\u0000<frozen importlib._bootstrap_external>\u0000877","time": 0.011470,"attributes": {"cSourceFileLoader": 0.011470166005892679, "l883": 0.011470166005892679},"children": [{"identifier": "_call_with_frames_removed\u0000<frozen importlib._bootstrap>\u0000233","time": 0.011470,"attributes": {"l241": 0.011470166005892679},"children": [{"identifier": "<module>\u0000/Library/Frameworks/Python.framework/Versions/3.10/lib/python3.10/email/parser.py\u00001","time": 0.007235,"attributes": {"l12": 0.00723491600365378},"children": [{"identifier": "_find_and_load\u0000<frozen importlib._bootstrap>\u00001022","time": 0.007235,"attributes": {"l1027": 0.00723491600365378},"children": [{"identifier": "_find_and_load_unlocked\u0000<frozen importlib._bootstrap>\u0000987","time": 0.007235,"attributes": {"l1006": 0.00723491600365378},"children": [{"identifier": "_load_unlocked\u0000<frozen importlib._bootstrap>\u0000664","time": 0.007235,"attributes": {"l688": 0.00723491600365378},"children": [{"identifier": "exec_module\u0000<frozen importlib._bootstrap_external>\u0000877","time": 0.007235,"attributes": {"cSourceFileLoader": 0.00723491600365378, "l883": 0.00723491600365378},"children": [{"identifier": "_call_with_frames_removed\u0000<frozen importlib._bootstrap>\u0000233","time": 0.007235,"attributes": {"l241": 0.00723491600365378},"children": [{"identifier": "<module>\u0000/Library/Frameworks/Python.framework/Versions/3.10/lib/python3.10/email/feedparser.py\u00001","time": 0.007235,"attributes": {"l26": 0.0009982500050682575, "l27": 0.005237082979874685, "l31": 0.0009995830187108368},"children": [{"identifier": "_handle_fromlist\u0000<frozen importlib._bootstrap>\u00001053","time": 0.000998,"attributes": {"l1078": 0.0009982500050682575},"children": [{"identifier": "_call_with_frames_removed\u0000<frozen importlib._bootstrap>\u0000233","time": 0.000998,"attributes": {"l241": 0.0009982500050682575},"children": [{"identifier": "_find_and_load\u0000<frozen importlib._bootstrap>\u00001022","time": 0.000998,"attributes": {"l1027": 0.0009982500050682575},"children": [{"identifier": "_find_and_load_unlocked\u0000<frozen importlib._bootstrap>\u0000987","time": 0.000998,"attributes": {"l1006": 0.0009982500050682575},"children": [{"identifier": "_load_unlocked\u0000<frozen importlib._bootstrap>\u0000664","time": 0.000998,"attributes": {"l688": 0.0009982500050682575},"children": [{"identifier": "exec_module\u0000<frozen importlib._bootstrap_external>\u0000877","time": 0.000998,"attributes": {"cSourceFileLoader": 0.0009982500050682575, "l879": 0.0009982500050682575},"children": [{"identifier": "get_code\u0000<frozen importlib._bootstrap_external>\u0000950","time": 0.000998,"attributes": {"cSourceFileLoader": 0.0009982500050682575, "l1000": 0.0009982500050682575},"children": [{"identifier": "_validate_timestamp_pyc\u0000<frozen importlib._bootstrap_external>\u0000618","time": 0.000998,"attributes": {"l642": 0.0009982500050682575},"children": [{"identifier": "[self]","time": 0.000998,"attributes": {},"children": []}]}]}]}]}]}]}]}]},{"identifier": "_find_and_load\u0000<frozen importlib._bootstrap>\u00001022","time": 0.005237,"attributes": {"l1027": 0.005237082979874685},"children": [{"identifier": "_find_and_load_unlocked\u0000<frozen importlib._bootstrap>\u0000987","time": 0.005237,"attributes": {"l1006": 0.005237082979874685},"children": [{"identifier": "_load_unlocked\u0000<frozen importlib._bootstrap>\u0000664","time": 0.005237,"attributes": {"l688": 0.005237082979874685},"children": [{"identifier": "exec_module\u0000<frozen importlib._bootstrap_external>\u0000877","time": 0.005237,"attributes": {"cSourceFileLoader": 0.005237082979874685, "l883": 0.005237082979874685},"children": [{"identifier": "_call_with_frames_removed\u0000<frozen importlib._bootstrap>\u0000233","time": 0.005237,"attributes": {"l241": 0.005237082979874685},"children": [{"identifier": "<module>\u0000/Library/Frameworks/Python.framework/Versions/3.10/lib/python3.10/email/_policybase.py\u00001","time": 0.005237,"attributes": {"l7": 0.0020003329846076667, "l9": 0.0032367499952670187},"children": [{"identifier": "_handle_fromlist\u0000<frozen importlib._bootstrap>\u00001053","time": 0.002000,"attributes": {"l1078": 0.0020003329846076667},"children": [{"identifier": "_call_with_frames_removed\u0000<frozen importlib._bootstrap>\u0000233","time": 0.002000,"attributes": {"l241": 0.0020003329846076667},"children": [{"identifier": "_find_and_load\u0000<frozen importlib._bootstrap>\u00001022","time": 0.002000,"attributes": {"l1027": 0.0020003329846076667},"children": [{"identifier": "_find_and_load_unlocked\u0000<frozen importlib._bootstrap>\u0000987","time": 0.002000,"attributes": {"l1006": 0.0020003329846076667},"children": [{"identifier": "_load_unlocked\u0000<frozen importlib._bootstrap>\u0000664","time": 0.002000,"attributes": {"l688": 0.0020003329846076667},"children": [{"identifier": "exec_module\u0000<frozen importlib._bootstrap_external>\u0000877","time": 0.002000,"attributes": {"cSourceFileLoader": 0.0020003329846076667, "l883": 0.0020003329846076667},"children": [{"identifier": "_call_with_frames_removed\u0000<frozen importlib._bootstrap>\u0000233","time": 0.002000,"attributes": {"l241": 0.0020003329846076667},"children": [{"identifier": "<module>\u0000/Library/Frameworks/Python.framework/Versions/3.10/lib/python3.10/email/header.py\u00001","time": 0.002000,"attributes": {"l16": 0.0009998329915106297, "l52": 0.001000499993097037},"children": [{"identifier": "_find_and_load\u0000<frozen importlib._bootstrap>\u00001022","time": 0.001000,"attributes": {"l1027": 0.0009998329915106297},"children": [{"identifier": "_find_and_load_unlocked\u0000<frozen importlib._bootstrap>\u0000987","time": 0.001000,"attributes": {"l1006": 0.0009998329915106297},"children": [{"identifier": "_load_unlocked\u0000<frozen importlib._bootstrap>\u0000664","time": 0.001000,"attributes": {"l688": 0.0009998329915106297},"children": [{"identifier": "exec_module\u0000<frozen importlib._bootstrap_external>\u0000877","time": 0.001000,"attributes": {"cSourceFileLoader": 0.0009998329915106297, "l883": 0.0009998329915106297},"children": [{"identifier": "_call_with_frames_removed\u0000<frozen importlib._bootstrap>\u0000233","time": 0.001000,"attributes": {"l241": 0.0009998329915106297},"children": [{"identifier": "<module>\u0000/Library/Frameworks/Python.framework/Versions/3.10/lib/python3.10/email/quoprimime.py\u00001","time": 0.001000,"attributes": {"l44": 0.0009998329915106297},"children": [{"identifier": "_find_and_load\u0000<frozen importlib._bootstrap>\u00001022","time": 0.001000,"attributes": {"l1027": 0.0009998329915106297},"children": [{"identifier": "_find_and_load_unlocked\u0000<frozen importlib._bootstrap>\u0000987","time": 0.001000,"attributes": {"l1006": 0.0009998329915106297},"children": [{"identifier": "_load_unlocked\u0000<frozen importlib._bootstrap>\u0000664","time": 0.001000,"attributes": {"l688": 0.0009998329915106297},"children": [{"identifier": "exec_module\u0000<frozen importlib._bootstrap_external>\u0000877","time": 0.001000,"attributes": {"cSourceFileLoader": 0.0009998329915106297, "l883": 0.0009998329915106297},"children": [{"identifier": "_call_with_frames_removed\u0000<frozen importlib._bootstrap>\u0000233","time": 0.001000,"attributes": {"l241": 0.0009998329915106297},"children": [{"identifier": "<module>\u0000/Library/Frameworks/Python.framework/Versions/3.10/lib/python3.10/string.py\u00001","time": 0.001000,"attributes": {"l146": 0.0009998329915106297},"children": [{"identifier": "__init_subclass__\u0000/Library/Frameworks/Python.framework/Versions/3.10/lib/python3.10/string.py\u000069","time": 0.001000,"attributes": {"cTemplate": 0.0009998329915106297, "l85": 0.0009998329915106297},"children": [{"identifier": "compile\u0000/Library/Frameworks/Python.framework/Versions/3.10/lib/python3.10/re.py\u0000249","time": 0.001000,"attributes": {"l251": 0.0009998329915106297},"children": [{"identifier": "_compile\u0000/Library/Frameworks/Python.framework/Versions/3.10/lib/python3.10/re.py\u0000288","time": 0.001000,"attributes": {"l303": 0.0009998329915106297},"children": [{"identifier": "compile\u0000/Library/Frameworks/Python.framework/Versions/3.10/lib/python3.10/sre_compile.py\u0000783","time": 0.001000,"attributes": {"l788": 0.0009998329915106297},"children": [{"identifier": "parse\u0000/Library/Frameworks/Python.framework/Versions/3.10/lib/python3.10/sre_parse.py\u0000944","time": 0.001000,"attributes": {"l955": 0.0009998329915106297},"children": [{"identifier": "_parse_sub\u0000/Library/Frameworks/Python.framework/Versions/3.10/lib/python3.10/sre_parse.py\u0000436","time": 0.001000,"attributes": {"l444": 0.0009998329915106297},"children": [{"identifier": "_parse\u0000/Library/Frameworks/Python.framework/Versions/3.10/lib/python3.10/sre_parse.py\u0000494","time": 0.001000,"attributes": {"l841": 0.0009998329915106297},"children": [{"identifier": "_parse_sub\u0000/Library/Frameworks/Python.framework/Versions/3.10/lib/python3.10/sre_parse.py\u0000436","time": 0.001000,"attributes": {"l458": 0.0009998329915106297},"children": [{"identifier": "[self]","time": 0.001000,"attributes": {},"children": []}]}]}]}]}]}]}]}]}]}]}]}]}]}]}]}]}]}]}]}]},{"identifier": "compile\u0000/Library/Frameworks/Python.framework/Versions/3.10/lib/python3.10/re.py\u0000249","time": 0.001000,"attributes": {"l251": 0.001000499993097037},"children": [{"identifier": "_compile\u0000/Library/Frameworks/Python.framework/Versions/3.10/lib/python3.10/re.py\u0000288","time": 0.001000,"attributes": {"l303": 0.001000499993097037},"children": [{"identifier": "compile\u0000/Library/Frameworks/Python.framework/Versions/3.10/lib/python3.10/sre_compile.py\u0000783","time": 0.001000,"attributes": {"l788": 0.001000499993097037},"children": [{"identifier": "parse\u0000/Library/Frameworks/Python.framework/Versions/3.10/lib/python3.10/sre_parse.py\u0000944","time": 0.001000,"attributes": {"l955": 0.001000499993097037},"children": [{"identifier": "_parse_sub\u0000/Library/Frameworks/Python.framework/Versions/3.10/lib/python3.10/sre_parse.py\u0000436","time": 0.001000,"attributes": {"l450": 0.001000499993097037},"children": [{"identifier": "[self]","time": 0.001000,"attributes": {},"children": []}]}]}]}]}]}]}]}]}]}]}]}]}]},{"identifier": "_find_and_load\u0000<frozen importlib._bootstrap>\u00001022","time": 0.003237,"attributes": {"l1027": 0.0032367499952670187},"children": [{"identifier": "_find_and_load_unlocked\u0000<frozen importlib._bootstrap>\u0000987","time": 0.003237,"attributes": {"l1006": 0.0032367499952670187},"children": [{"identifier": "_load_unlocked\u0000<frozen importlib._bootstrap>\u0000664","time": 0.003237,"attributes": {"l688": 0.0032367499952670187},"children": [{"identifier": "exec_module\u0000<frozen importlib._bootstrap_external>\u0000877","time": 0.003237,"attributes": {"cSourceFileLoader": 0.0032367499952670187, "l883": 0.0032367499952670187},"children": [{"identifier": "_call_with_frames_removed\u0000<frozen importlib._bootstrap>\u0000233","time": 0.003237,"attributes": {"l241": 0.0032367499952670187},"children": [{"identifier": "<module>\u0000/Library/Frameworks/Python.framework/Versions/3.10/lib/python3.10/email/utils.py\u00001","time": 0.003237,"attributes": {"l29": 0.002227958000730723, "l30": 0.0010087919945362955},"children": [{"identifier": "_find_and_load\u0000<frozen importlib._bootstrap>\u00001022","time": 0.003237,"attributes": {"l1027": 0.0032367499952670187},"children": [{"identifier": "_find_and_load_unlocked\u0000<frozen importlib._bootstrap>\u0000987","time": 0.003237,"attributes": {"l1006": 0.0032367499952670187},"children": [{"identifier": "_load_unlocked\u0000<frozen importlib._bootstrap>\u0000664","time": 0.003237,"attributes": {"l688": 0.0032367499952670187},"children": [{"identifier": "exec_module\u0000<frozen importlib._bootstrap_external>\u0000877","time": 0.003237,"attributes": {"cSourceFileLoader": 0.0032367499952670187, "l883": 0.0032367499952670187},"children": [{"identifier": "_call_with_frames_removed\u0000<frozen importlib._bootstrap>\u0000233","time": 0.003237,"attributes": {"l241": 0.0032367499952670187},"children": [{"identifier": "<module>\u0000/Library/Frameworks/Python.framework/Versions/3.10/lib/python3.10/socket.py\u00001","time": 0.002228,"attributes": {"l75": 0.0009995420114137232, "l549": 0.001228415989317},"children": [{"identifier": "_convert_\u0000/Library/Frameworks/Python.framework/Versions/3.10/lib/python3.10/enum.py\u0000536","time": 0.001000,"attributes": {"cIntEnum": 0.0009995420114137232, "l553": 0.0009995420114137232},"children": [{"identifier": "<listcomp>\u0000/Library/Frameworks/Python.framework/Versions/3.10/lib/python3.10/enum.py\u0000553","time": 0.001000,"attributes": {"l556": 0.0009995420114137232},"children": [{"identifier": "<lambda>\u0000/Library/Frameworks/Python.framework/Versions/3.10/lib/python3.10/socket.py\u000078","time": 0.001000,"attributes": {"l78": 0.0009995420114137232},"children": [{"identifier": "str.startswith\u0000<built-in>\u00000","time": 0.001000,"attributes": {},"children": [{"identifier": "[self]","time": 0.001000,"attributes": {},"children": []}]}]}]}]},{"identifier": "_find_and_load\u0000<frozen importlib._bootstrap>\u00001022","time": 0.001228,"attributes": {"l1027": 0.001228415989317},"children": [{"identifier": "_find_and_load_unlocked\u0000<frozen importlib._bootstrap>\u0000987","time": 0.001228,"attributes": {"l1006": 0.001228415989317},"children": [{"identifier": "_load_unlocked\u0000<frozen importlib._bootstrap>\u0000664","time": 0.001228,"attributes": {"l674": 0.001228415989317},"children": [{"identifier": "module_from_spec\u0000<frozen importlib._bootstrap>\u0000564","time": 0.001228,"attributes": {"l571": 0.001228415989317},"children": [{"identifier": "create_module\u0000<frozen importlib._bootstrap_external>\u00001174","time": 0.001228,"attributes": {"cExtensionFileLoader": 0.001228415989317, "l1176": 0.001228415989317},"children": [{"identifier": "_call_with_frames_removed\u0000<frozen importlib._bootstrap>\u0000233","time": 0.001228,"attributes": {"l241": 0.001228415989317},"children": [{"identifier": "create_dynamic\u0000<built-in>\u00000","time": 0.001228,"attributes": {},"children": [{"identifier": "[self]","time": 0.001228,"attributes": {},"children": []}]}]}]}]}]}]}]}]},{"identifier": "<module>\u0000/Library/Frameworks/Python.framework/Versions/3.10/lib/python3.10/datetime.py\u00001","time": 0.001009,"attributes": {"l2506": 0.0010087919945362955},"children": [{"identifier": "_find_and_load\u0000<frozen importlib._bootstrap>\u00001022","time": 0.001009,"attributes": {"l1027": 0.0010087919945362955},"children": [{"identifier": "_find_and_load_unlocked\u0000<frozen importlib._bootstrap>\u0000987","time": 0.001009,"attributes": {"l1006": 0.0010087919945362955},"children": [{"identifier": "_load_unlocked\u0000<frozen importlib._bootstrap>\u0000664","time": 0.001009,"attributes": {"l674": 0.0010087919945362955},"children": [{"identifier": "module_from_spec\u0000<frozen importlib._bootstrap>\u0000564","time": 0.001009,"attributes": {"l571": 0.0010087919945362955},"children": [{"identifier": "create_module\u0000<frozen importlib._bootstrap_external>\u00001174","time": 0.001009,"attributes": {"cExtensionFileLoader": 0.0010087919945362955, "l1176": 0.0010087919945362955},"children": [{"identifier": "_call_with_frames_removed\u0000<frozen importlib._bootstrap>\u0000233","time": 0.001009,"attributes": {"l241": 0.0010087919945362955},"children": [{"identifier": "create_dynamic\u0000<built-in>\u00000","time": 0.001009,"attributes": {},"children": [{"identifier": "[self]","time": 0.001009,"attributes": {},"children": []}]}]}]}]}]}]}]}]}]}]}]}]}]}]}]}]}]}]}]}]}]}]}]}]}]},{"identifier": "compile\u0000/Library/Frameworks/Python.framework/Versions/3.10/lib/python3.10/re.py\u0000249","time": 0.001000,"attributes": {"l251": 0.0009995830187108368},"children": [{"identifier": "_compile\u0000/Library/Frameworks/Python.framework/Versions/3.10/lib/python3.10/re.py\u0000288","time": 0.001000,"attributes": {"l303": 0.0009995830187108368},"children": [{"identifier": "compile\u0000/Library/Frameworks/Python.framework/Versions/3.10/lib/python3.10/sre_compile.py\u0000783","time": 0.001000,"attributes": {"l788": 0.0009995830187108368},"children": [{"identifier": "parse\u0000/Library/Frameworks/Python.framework/Versions/3.10/lib/python3.10/sre_parse.py\u0000944","time": 0.001000,"attributes": {"l955": 0.0009995830187108368},"children": [{"identifier": "_parse_sub\u0000/Library/Frameworks/Python.framework/Versions/3.10/lib/python3.10/sre_parse.py\u0000436","time": 0.001000,"attributes": {"l444": 0.0009995830187108368},"children": [{"identifier": "_parse\u0000/Library/Frameworks/Python.framework/Versions/3.10/lib/python3.10/sre_parse.py\u0000494","time": 0.001000,"attributes": {"l527": 0.0009995830187108368},"children": [{"identifier": "append\u0000/Library/Frameworks/Python.framework/Versions/3.10/lib/python3.10/sre_parse.py\u0000173","time": 0.001000,"attributes": {"cSubPattern": 0.0009995830187108368, "l174": 0.0009995830187108368},"children": [{"identifier": "[self]","time": 0.001000,"attributes": {},"children": []}]}]}]}]}]}]}]}]}]}]}]}]}]}]},{"identifier": "<module>\u0000/Library/Frameworks/Python.framework/Versions/3.10/lib/python3.10/email/message.py\u00001","time": 0.000999,"attributes": {"l26": 0.0009992919804062694},"children": [{"identifier": "compile\u0000/Library/Frameworks/Python.framework/Versions/3.10/lib/python3.10/re.py\u0000249","time": 0.000999,"attributes": {"l251": 0.0009992919804062694},"children": [{"identifier": "_compile\u0000/Library/Frameworks/Python.framework/Versions/3.10/lib/python3.10/re.py\u0000288","time": 0.000999,"attributes": {"l303": 0.0009992919804062694},"children": [{"identifier": "compile\u0000/Library/Frameworks/Python.framework/Versions/3.10/lib/python3.10/sre_compile.py\u0000783","time": 0.000999,"attributes": {"l792": 0.0009992919804062694},"children": [{"identifier": "_code\u0000/Library/Frameworks/Python.framework/Versions/3.10/lib/python3.10/sre_compile.py\u0000622","time": 0.000999,"attributes": {"l633": 0.0009992919804062694},"children": [{"identifier": "[self]","time": 0.000999,"attributes": {},"children": []}]}]}]}]}]},{"identifier": "<module>\u0000/Library/Frameworks/Python.framework/Versions/3.10/lib/python3.10/ssl.py\u00001","time": 0.003236,"attributes": {"l99": 0.0012361250119283795, "l138": 0.000998708012048155, "l434": 0.0010011249978560954},"children": [{"identifier": "_find_and_load\u0000<frozen importlib._bootstrap>\u00001022","time": 0.001236,"attributes": {"l1027": 0.0012361250119283795},"children": [{"identifier": "_find_and_load_unlocked\u0000<frozen importlib._bootstrap>\u0000987","time": 0.001236,"attributes": {"l1006": 0.0012361250119283795},"children": [{"identifier": "_load_unlocked\u0000<frozen importlib._bootstrap>\u0000664","time": 0.001236,"attributes": {"l674": 0.0012361250119283795},"children": [{"identifier": "module_from_spec\u0000<frozen importlib._bootstrap>\u0000564","time": 0.001236,"attributes": {"l571": 0.0012361250119283795},"children": [{"identifier": "create_module\u0000<frozen importlib._bootstrap_external>\u00001174","time": 0.001236,"attributes": {"cExtensionFileLoader": 0.0012361250119283795, "l1176": 0.0012361250119283795},"children": [{"identifier": "_call_with_frames_removed\u0000<frozen importlib._bootstrap>\u0000233","time": 0.001236,"attributes": {"l241": 0.0012361250119283795},"children": [{"identifier": "create_dynamic\u0000<built-in>\u00000","time": 0.001236,"attributes": {},"children": [{"identifier": "[self]","time": 0.001236,"attributes": {},"children": []}]}]}]}]}]}]}]},{"identifier": "_convert_\u0000/Library/Frameworks/Python.framework/Versions/3.10/lib/python3.10/enum.py\u0000536","time": 0.000999,"attributes": {"cIntEnum": 0.000998708012048155, "l553": 0.000998708012048155},"children": [{"identifier": "<listcomp>\u0000/Library/Frameworks/Python.framework/Versions/3.10/lib/python3.10/enum.py\u0000553","time": 0.000999,"attributes": {"l556": 0.000998708012048155},"children": [{"identifier": "<lambda>\u0000/Library/Frameworks/Python.framework/Versions/3.10/lib/python3.10/ssl.py\u0000140","time": 0.000999,"attributes": {"l140": 0.000998708012048155},"children": [{"identifier": "[self]","time": 0.000999,"attributes": {},"children": []}]}]}]},{"identifier": "namedtuple\u0000/Library/Frameworks/Python.framework/Versions/3.10/lib/python3.10/collections/__init__.py\u0000328","time": 0.001001,"attributes": {"l354": 0.0010011249978560954},"children": [{"identifier": "[self]","time": 0.001001,"attributes": {},"children": []}]}]}]}]}]}]}]}]}]}]}]}]}]},{"identifier": "AbstractBasicAuthHandler\u0000/Library/Frameworks/Python.framework/Versions/3.10/lib/python3.10/urllib/request.py\u0000939","time": 0.001000,"attributes": {"l946": 0.0009997919842135161},"children": [{"identifier": "compile\u0000/Library/Frameworks/Python.framework/Versions/3.10/lib/python3.10/re.py\u0000249","time": 0.001000,"attributes": {"l251": 0.0009997919842135161},"children": [{"identifier": "_compile\u0000/Library/Frameworks/Python.framework/Versions/3.10/lib/python3.10/re.py\u0000288","time": 0.001000,"attributes": {"l303": 0.0009997919842135161},"children": [{"identifier": "compile\u0000/Library/Frameworks/Python.framework/Versions/3.10/lib/python3.10/sre_compile.py\u0000783","time": 0.001000,"attributes": {"l792": 0.0009997919842135161},"children": [{"identifier": "_code\u0000/Library/Frameworks/Python.framework/Versions/3.10/lib/python3.10/sre_compile.py\u0000622","time": 0.001000,"attributes": {"l631": 0.0009997919842135161},"children": [{"identifier": "_compile\u0000/Library/Frameworks/Python.framework/Versions/3.10/lib/python3.10/sre_compile.py\u000087","time": 0.001000,"attributes": {"l161": 0.0009997919842135161},"children": [{"identifier": "[self]","time": 0.001000,"attributes": {},"children": []}]}]}]}]}]}]}]}]}]}]}]}]},{"identifier": "main\u0000examples/demo_scripts/wikipedia_article_word_count.py\u000039","time": 0.393854,"attributes": {"l40": 0.3905202500172891, "l43": 0.0033334579784423113},"children": [{"identifier": "download\u0000examples/demo_scripts/wikipedia_article_word_count.py\u000015","time": 0.390520,"attributes": {"l16": 0.3905202500172891},"children": [{"identifier": "urlopen\u0000/Library/Frameworks/Python.framework/Versions/3.10/lib/python3.10/urllib/request.py\u0000139","time": 0.384062,"attributes": {"l213": 0.004158625000854954, "l216": 0.3799033329996746},"children": [{"identifier": "build_opener\u0000/Library/Frameworks/Python.framework/Versions/3.10/lib/python3.10/urllib/request.py\u0000569","time": 0.004159,"attributes": {"l597": 0.004158625000854954},"children": [{"identifier": "__init__\u0000/Library/Frameworks/Python.framework/Versions/3.10/lib/python3.10/urllib/request.py\u0000795","time": 0.004159,"attributes": {"cProxyHandler": 0.004158625000854954, "l797": 0.004158625000854954},"children": [{"identifier": "getproxies\u0000/Library/Frameworks/Python.framework/Versions/3.10/lib/python3.10/urllib/request.py\u00002651","time": 0.004159,"attributes": {"l2652": 0.004158625000854954},"children": [{"identifier": "getproxies_macosx_sysconf\u0000/Library/Frameworks/Python.framework/Versions/3.10/lib/python3.10/urllib/request.py\u00002628","time": 0.004159,"attributes": {"l2634": 0.004158625000854954},"children": [{"identifier": "_get_proxies\u0000<built-in>\u00000","time": 0.004159,"attributes": {},"children": [{"identifier": "[self]","time": 0.004159,"attributes": {},"children": []}]}]}]}]}]},{"identifier": "open\u0000/Library/Frameworks/Python.framework/Versions/3.10/lib/python3.10/urllib/request.py\u0000500","time": 0.379903,"attributes": {"cOpenerDirector": 0.3799033329996746, "l519": 0.3799033329996746},"children": [{"identifier": "_open\u0000/Library/Frameworks/Python.framework/Versions/3.10/lib/python3.10/urllib/request.py\u0000529","time": 0.379903,"attributes": {"cOpenerDirector": 0.3799033329996746, "l536": 0.3799033329996746},"children": [{"identifier": "_call_chain\u0000/Library/Frameworks/Python.framework/Versions/3.10/lib/python3.10/urllib/request.py\u0000489","time": 0.379903,"attributes": {"cOpenerDirector": 0.3799033329996746, "l496": 0.3799033329996746},"children": [{"identifier": "https_open\u0000/Library/Frameworks/Python.framework/Versions/3.10/lib/python3.10/urllib/request.py\u00001390","time": 0.379903,"attributes": {"cHTTPSHandler": 0.3799033329996746, "l1391": 0.3799033329996746},"children": [{"identifier": "do_open\u0000/Library/Frameworks/Python.framework/Versions/3.10/lib/python3.10/urllib/request.py\u00001307","time": 0.379903,"attributes": {"cHTTPSHandler": 0.3799033329996746, "l1317": 0.004998707998311147, "l1348": 0.05857641701004468, "l1352": 0.3163282079913188},"children": [{"identifier": "__init__\u0000/Library/Frameworks/Python.framework/Versions/3.10/lib/python3.10/http/client.py\u00001405","time": 0.004999,"attributes": {"cHTTPSConnection": 0.004998707998311147, "l1421": 0.004998707998311147},"children": [{"identifier": "create_default_context\u0000/Library/Frameworks/Python.framework/Versions/3.10/lib/python3.10/ssl.py\u0000741","time": 0.004999,"attributes": {"l757": 0.0010539170179981738, "l771": 0.003944790980312973},"children": [{"identifier": "__new__\u0000/Library/Frameworks/Python.framework/Versions/3.10/lib/python3.10/ssl.py\u0000488","time": 0.001054,"attributes": {"cSSLContext": 0.0010539170179981738, "l496": 0.0010539170179981738},"children": [{"identifier": "_SSLContext.__new__\u0000<built-in>\u00000","time": 0.001054,"attributes": {},"children": [{"identifier": "[self]","time": 0.001054,"attributes": {},"children": []}]}]},{"identifier": "load_default_certs\u0000/Library/Frameworks/Python.framework/Versions/3.10/lib/python3.10/ssl.py\u0000587","time": 0.003945,"attributes": {"cSSLContext": 0.003944790980312973, "l593": 0.003944790980312973},"children": [{"identifier": "SSLContext.set_default_verify_paths\u0000<built-in>\u00000","time": 0.003945,"attributes": {},"children": [{"identifier": "[self]","time": 0.003945,"attributes": {},"children": []}]}]}]}]},{"identifier": "request\u0000/Library/Frameworks/Python.framework/Versions/3.10/lib/python3.10/http/client.py\u00001279","time": 0.058576,"attributes": {"cHTTPSConnection": 0.05857641701004468, "l1282": 0.05857641701004468},"children": [{"identifier": "_send_request\u0000/Library/Frameworks/Python.framework/Versions/3.10/lib/python3.10/http/client.py\u00001284","time": 0.058576,"attributes": {"cHTTPSConnection": 0.05857641701004468, "l1328": 0.05857641701004468},"children": [{"identifier": "endheaders\u0000/Library/Frameworks/Python.framework/Versions/3.10/lib/python3.10/http/client.py\u00001266","time": 0.058576,"attributes": {"cHTTPSConnection": 0.05857641701004468, "l1277": 0.05857641701004468},"children": [{"identifier": "_send_output\u0000/Library/Frameworks/Python.framework/Versions/3.10/lib/python3.10/http/client.py\u00001028","time": 0.058576,"attributes": {"cHTTPSConnection": 0.05857641701004468, "l1037": 0.05857641701004468},"children": [{"identifier": "send\u0000/Library/Frameworks/Python.framework/Versions/3.10/lib/python3.10/http/client.py\u0000967","time": 0.058576,"attributes": {"cHTTPSConnection": 0.05857641701004468, "l975": 0.05857641701004468},"children": [{"identifier": "connect\u0000/Library/Frameworks/Python.framework/Versions/3.10/lib/python3.10/http/client.py\u00001444","time": 0.058576,"attributes": {"cHTTPSConnection": 0.05857641701004468, "l1447": 0.026597624993883073, "l1454": 0.031978792016161606},"children": [{"identifier": "connect\u0000/Library/Frameworks/Python.framework/Versions/3.10/lib/python3.10/http/client.py\u0000938","time": 0.026598,"attributes": {"cHTTPSConnection": 0.026597624993883073, "l941": 0.026597624993883073},"children": [{"identifier": "create_connection\u0000/Library/Frameworks/Python.framework/Versions/3.10/lib/python3.10/socket.py\u0000808","time": 0.026598,"attributes": {"l824": 0.0041838340112008154, "l833": 0.022413790982682258},"children": [{"identifier": "getaddrinfo\u0000/Library/Frameworks/Python.framework/Versions/3.10/lib/python3.10/socket.py\u0000938","time": 0.004184,"attributes": {"l955": 0.0041838340112008154},"children": [{"identifier": "search_function\u0000/Library/Frameworks/Python.framework/Versions/3.10/lib/python3.10/encodings/__init__.py\u000071","time": 0.001052,"attributes": {"l99": 0.001051917002769187},"children": [{"identifier": "_find_and_load\u0000<frozen importlib._bootstrap>\u00001022","time": 0.001052,"attributes": {"l1027": 0.001051917002769187},"children": [{"identifier": "_find_and_load_unlocked\u0000<frozen importlib._bootstrap>\u0000987","time": 0.001052,"attributes": {"l1006": 0.001051917002769187},"children": [{"identifier": "_load_unlocked\u0000<frozen importlib._bootstrap>\u0000664","time": 0.001052,"attributes": {"l688": 0.001051917002769187},"children": [{"identifier": "exec_module\u0000<frozen importlib._bootstrap_external>\u0000877","time": 0.001052,"attributes": {"cSourceFileLoader": 0.001051917002769187, "l883": 0.001051917002769187},"children": [{"identifier": "_call_with_frames_removed\u0000<frozen importlib._bootstrap>\u0000233","time": 0.001052,"attributes": {"l241": 0.001051917002769187},"children": [{"identifier": "<module>\u0000/Library/Frameworks/Python.framework/Versions/3.10/lib/python3.10/encodings/idna.py\u00001","time": 0.001052,"attributes": {"l7": 0.001051917002769187},"children": [{"identifier": "compile\u0000/Library/Frameworks/Python.framework/Versions/3.10/lib/python3.10/re.py\u0000249","time": 0.001052,"attributes": {"l251": 0.001051917002769187},"children": [{"identifier": "_compile\u0000/Library/Frameworks/Python.framework/Versions/3.10/lib/python3.10/re.py\u0000288","time": 0.001052,"attributes": {"l303": 0.001051917002769187},"children": [{"identifier": "compile\u0000/Library/Frameworks/Python.framework/Versions/3.10/lib/python3.10/sre_compile.py\u0000783","time": 0.001052,"attributes": {"l792": 0.001051917002769187},"children": [{"identifier": "_code\u0000/Library/Frameworks/Python.framework/Versions/3.10/lib/python3.10/sre_compile.py\u0000622","time": 0.001052,"attributes": {"l628": 0.001051917002769187},"children": [{"identifier": "_compile_info\u0000/Library/Frameworks/Python.framework/Versions/3.10/lib/python3.10/sre_compile.py\u0000560","time": 0.001052,"attributes": {"l614": 0.001051917002769187},"children": [{"identifier": "_optimize_charset\u0000/Library/Frameworks/Python.framework/Versions/3.10/lib/python3.10/sre_compile.py\u0000292","time": 0.001052,"attributes": {"l426": 0.001051917002769187},"children": [{"identifier": "[self]","time": 0.001052,"attributes": {},"children": []}]}]}]}]}]}]}]}]}]}]}]}]}]},{"identifier": "getaddrinfo\u0000<built-in>\u00000","time": 0.003132,"attributes": {},"children": [{"identifier": "[self]","time": 0.003132,"attributes": {},"children": []}]}]},{"identifier": "socket.connect\u0000<built-in>\u00000","time": 0.022414,"attributes": {},"children": [{"identifier": "[self]","time": 0.022414,"attributes": {},"children": []}]}]}]},{"identifier": "wrap_socket\u0000/Library/Frameworks/Python.framework/Versions/3.10/lib/python3.10/ssl.py\u0000507","time": 0.031979,"attributes": {"cSSLContext": 0.031978792016161606, "l513": 0.031978792016161606},"children": [{"identifier": "_create\u0000/Library/Frameworks/Python.framework/Versions/3.10/lib/python3.10/ssl.py\u00001014","time": 0.031979,"attributes": {"cSSLSocket": 0.031978792016161606, "l1071": 0.031978792016161606},"children": [{"identifier": "do_handshake\u0000/Library/Frameworks/Python.framework/Versions/3.10/lib/python3.10/ssl.py\u00001335","time": 0.031979,"attributes": {"cSSLSocket": 0.031978792016161606, "l1342": 0.031978792016161606},"children": [{"identifier": "_SSLSocket.do_handshake\u0000<built-in>\u00000","time": 0.031979,"attributes": {},"children": [{"identifier": "[self]","time": 0.031979,"attributes": {},"children": []}]}]}]}]}]}]}]}]}]}]},{"identifier": "getresponse\u0000/Library/Frameworks/Python.framework/Versions/3.10/lib/python3.10/http/client.py\u00001330","time": 0.316328,"attributes": {"cHTTPSConnection": 0.3163282079913188, "l1374": 0.3163282079913188},"children": [{"identifier": "begin\u0000/Library/Frameworks/Python.framework/Versions/3.10/lib/python3.10/http/client.py\u0000311","time": 0.316328,"attributes": {"cHTTPResponse": 0.3163282079913188, "l318": 0.31534316699253395, "l337": 0.0009850409987848252},"children": [{"identifier": "_read_status\u0000/Library/Frameworks/Python.framework/Versions/3.10/lib/python3.10/http/client.py\u0000278","time": 0.315343,"attributes": {"cHTTPResponse": 0.31534316699253395, "l279": 0.31534316699253395},"children": [{"identifier": "readinto\u0000/Library/Frameworks/Python.framework/Versions/3.10/lib/python3.10/socket.py\u0000691","time": 0.315343,"attributes": {"cSocketIO": 0.31534316699253395, "l705": 0.31534316699253395},"children": [{"identifier": "recv_into\u0000/Library/Frameworks/Python.framework/Versions/3.10/lib/python3.10/ssl.py\u00001263","time": 0.315343,"attributes": {"cSSLSocket": 0.31534316699253395, "l1274": 0.31534316699253395},"children": [{"identifier": "read\u0000/Library/Frameworks/Python.framework/Versions/3.10/lib/python3.10/ssl.py\u00001121","time": 0.315343,"attributes": {"cSSLSocket": 0.31534316699253395, "l1130": 0.31534316699253395},"children": [{"identifier": "_SSLSocket.read\u0000<built-in>\u00000","time": 0.315343,"attributes": {},"children": [{"identifier": "[self]","time": 0.315343,"attributes": {},"children": []}]}]}]}]}]},{"identifier": "parse_headers\u0000/Library/Frameworks/Python.framework/Versions/3.10/lib/python3.10/http/client.py\u0000224","time": 0.000985,"attributes": {"l236": 0.0009850409987848252},"children": [{"identifier": "parsestr\u0000/Library/Frameworks/Python.framework/Versions/3.10/lib/python3.10/email/parser.py\u000059","time": 0.000985,"attributes": {"cParser": 0.0009850409987848252, "l67": 0.0009850409987848252},"children": [{"identifier": "parse\u0000/Library/Frameworks/Python.framework/Versions/3.10/lib/python3.10/email/parser.py\u000041","time": 0.000985,"attributes": {"cParser": 0.0009850409987848252, "l57": 0.0009850409987848252},"children": [{"identifier": "close\u0000/Library/Frameworks/Python.framework/Versions/3.10/lib/python3.10/email/feedparser.py\u0000184","time": 0.000985,"attributes": {"cFeedParser": 0.0009850409987848252, "l191": 0.0009850409987848252},"children": [{"identifier": "get_content_maintype\u0000/Library/Frameworks/Python.framework/Versions/3.10/lib/python3.10/email/message.py\u0000588","time": 0.000985,"attributes": {"cHTTPMessage": 0.0009850409987848252, "l594": 0.0009850409987848252},"children": [{"identifier": "get_content_type\u0000/Library/Frameworks/Python.framework/Versions/3.10/lib/python3.10/email/message.py\u0000564","time": 0.000985,"attributes": {"cHTTPMessage": 0.0009850409987848252, "l578": 0.0009850409987848252},"children": [{"identifier": "get\u0000/Library/Frameworks/Python.framework/Versions/3.10/lib/python3.10/email/message.py\u0000462","time": 0.000985,"attributes": {"cHTTPMessage": 0.0009850409987848252, "l471": 0.0009850409987848252},"children": [{"identifier": "header_fetch_parse\u0000/Library/Frameworks/Python.framework/Versions/3.10/lib/python3.10/email/_policybase.py\u0000311","time": 0.000985,"attributes": {"cCompat32": 0.0009850409987848252, "l316": 0.0009850409987848252},"children": [{"identifier": "_sanitize_header\u0000/Library/Frameworks/Python.framework/Versions/3.10/lib/python3.10/email/_policybase.py\u0000281","time": 0.000985,"attributes": {"cCompat32": 0.0009850409987848252, "l284": 0.0009850409987848252},"children": [{"identifier": "[self]","time": 0.000985,"attributes": {},"children": []}]}]}]}]}]}]}]}]}]}]}]}]}]}]}]}]}]},{"identifier": "read\u0000/Library/Frameworks/Python.framework/Versions/3.10/lib/python3.10/http/client.py\u0000450","time": 0.006458,"attributes": {"cHTTPResponse": 0.006458292016759515, "l459": 0.006458292016759515},"children": [{"identifier": "_read_chunked\u0000/Library/Frameworks/Python.framework/Versions/3.10/lib/python3.10/http/client.py\u0000577","time": 0.006458,"attributes": {"cHTTPResponse": 0.006458292016759515, "l582": 0.006458292016759515},"children": [{"identifier": "_get_chunk_left\u0000/Library/Frameworks/Python.framework/Versions/3.10/lib/python3.10/http/client.py\u0000553","time": 0.006458,"attributes": {"cHTTPResponse": 0.006458292016759515, "l565": 0.004008749994682148, "l572": 0.0024495420220773667},"children": [{"identifier": "_read_next_chunk_size\u0000/Library/Frameworks/Python.framework/Versions/3.10/lib/python3.10/http/client.py\u0000523","time": 0.004009,"attributes": {"cHTTPResponse": 0.004008749994682148, "l525": 0.004008749994682148},"children": [{"identifier": "readinto\u0000/Library/Frameworks/Python.framework/Versions/3.10/lib/python3.10/socket.py\u0000691","time": 0.004009,"attributes": {"cSocketIO": 0.004008749994682148, "l705": 0.004008749994682148},"children": [{"identifier": "recv_into\u0000/Library/Frameworks/Python.framework/Versions/3.10/lib/python3.10/ssl.py\u00001263","time": 0.004009,"attributes": {"cSSLSocket": 0.004008749994682148, "l1274": 0.004008749994682148},"children": [{"identifier": "read\u0000/Library/Frameworks/Python.framework/Versions/3.10/lib/python3.10/ssl.py\u00001121","time": 0.004009,"attributes": {"cSSLSocket": 0.004008749994682148, "l1130": 0.004008749994682148},"children": [{"identifier": "_SSLSocket.read\u0000<built-in>\u00000","time": 0.004009,"attributes": {},"children": [{"identifier": "[self]","time": 0.004009,"attributes": {},"children": []}]}]}]}]}]},{"identifier": "_close_conn\u0000/Library/Frameworks/Python.framework/Versions/3.10/lib/python3.10/http/client.py\u0000412","time": 0.002450,"attributes": {"cHTTPResponse": 0.0024495420220773667, "l415": 0.0024495420220773667},"children": [{"identifier": "close\u0000/Library/Frameworks/Python.framework/Versions/3.10/lib/python3.10/socket.py\u0000768","time": 0.002450,"attributes": {"cSocketIO": 0.0024495420220773667, "l776": 0.0024495420220773667},"children": [{"identifier": "[self]","time": 0.002450,"attributes": {},"children": []}]}]}]}]}]}]},{"identifier": "most_common_words\u0000examples/demo_scripts/wikipedia_article_word_count.py\u000023","time": 0.003333,"attributes": {"l30": 0.001996249979129061, "l34": 0.0013372079993132502},"children": [{"identifier": "[self]","time": 0.000998,"attributes": {},"children": []},{"identifier": "[self]","time": 0.000998,"attributes": {},"children": []},{"identifier": "sorted\u0000<built-in>\u00000","time": 0.001337,"attributes": {},"children": [{"identifier": "[self]","time": 0.001337,"attributes": {},"children": []}]}]}]}]}]}]}]}]}]}}
